<?xml version="1.0" encoding="UTF-8"?>
<sk:systemKeys xmlns:sk="http://pingidentity.com/2018/01/system-keys">
    <sk:currentKey>
        <sk:key>eyJhbGciOiJkaXIiLCJlbmMiOiJBMTI4Q0JDLUhTMjU2Iiwia2lkIjoidUgwUnVSaEVlUSIsInZlcnNpb24iOiIxMC4yLjEuMSIsInppcCI6IkRFRiJ9..0D4mLgbenBGmwk6uDlyv8w.kriLjuAipDI0dib6suMuv_zRINDc3QdWr4ONNvwUC8N5Vs6IvK4n1Vt_3Q_jFMwL.euQB5FqQ9F8-yCBTrhsgZg</sk:key>
        <sk:generatedTime>2019-01-28T03:10:17.926Z</sk:generatedTime>
    </sk:currentKey>
    <sk:previousKey xsi:nil="true" xmlns:xsi="http://www.w3.org/2001/XMLSchema-instance"/>
    <sk:pendingKey>
        <sk:key>eyJhbGciOiJkaXIiLCJlbmMiOiJBMTI4Q0JDLUhTMjU2Iiwia2lkIjoidUgwUnVSaEVlUSIsInZlcnNpb24iOiIxMC4yLjEuMSIsInppcCI6IkRFRiJ9..vaahO9BCcfY6Lhn7JRxbbQ.M8nHVF7Jky1soQ6wqeglz9DQHn4oStvxMRGKbYrAuGk7Dv_eo15dwhTQWoapLARz.dlN_g0FcTJIkYnNBzIXVeg</sk:key>
        <sk:generatedTime>2019-01-28T03:10:17.928Z</sk:generatedTime>
    </sk:pendingKey>
</sk:systemKeys>