<?xml version="1.0" encoding="UTF-8"?>
<sk:systemKeys xmlns:sk="http://pingidentity.com/2018/01/system-keys">
    <sk:currentKey>
        <sk:key>eyJhbGciOiJkaXIiLCJlbmMiOiJBMTI4Q0JDLUhTMjU2Iiwia2lkIjoicEJwT1JESGU2dyIsInZlcnNpb24iOiIxMC4yLjEuMSIsInppcCI6IkRFRiJ9..cwxcLtZj36CuqyuLAMt3mg.EYiiXEVWnLtRZWlIW_gxCeEv7P9TUZCas__nuEyuiwS1R0uMxPP0Ndb3gRdafsOx.4UeLjti_xmo6Va-eSj6h7g</sk:key>
        <sk:generatedTime>2021-02-23T16:35:55.279Z</sk:generatedTime>
    </sk:currentKey>
    <sk:previousKey xsi:nil="true" xmlns:xsi="http://www.w3.org/2001/XMLSchema-instance"/>
    <sk:pendingKey>
        <sk:key>eyJhbGciOiJkaXIiLCJlbmMiOiJBMTI4Q0JDLUhTMjU2Iiwia2lkIjoicEJwT1JESGU2dyIsInZlcnNpb24iOiIxMC4yLjEuMSIsInppcCI6IkRFRiJ9..CHIRvNLKyKrsg1EAHpj8Xg.YyVZfpXxP5754P4m_wt4U202myFY9Xq761ESMh0o4uyLhwShjvKpTB-VxHszJ9Fi.4Wv7LOtwIvQqssaR4GXxyA</sk:key>
        <sk:generatedTime>2021-02-23T16:35:55.298Z</sk:generatedTime>
    </sk:pendingKey>
</sk:systemKeys>