<?xml version="1.0" encoding="UTF-8"?>
<ldap:ldap-sources xmlns:ldap="http://pingidentity.com/2004/09/ldap-ds">
    <ldap:ldap-source id="LDAP-A184E926516D3F0B97423206A6BD3D2C17E0A7A4" maskAttributeValues="false" ldapType="PingDirectory" ldapTypeDesc="PingDirectory" testOnBorrow="false" testOnReturn="false" createIfNecessary="true" minIdle="10" maxActive="100" maxWait="-1" timeBetweenEvictionRunsMillis="60000" readTimeoutMillis="3000" connTimeoutMillis="3000" verifyHost="true" dnsTtlMillis="60000" ldapDnsSrvPrefix="_ldap._tcp" ldapsDnsSrvPrefix="_ldaps._tcp">
        <ldap:host>4.server.ping-eng.com:1389</ldap:host>
        <ldap:principal>cn=Administrator</ldap:principal>
        <ldap:use-ssl>false</ldap:use-ssl>
        <ldap:use-dns-srv-records>false</ldap:use-dns-srv-records>
        <ldap:ad-referral>false</ldap:ad-referral>
        <ldap:credentials>eyJhbGciOiJkaXIiLCJlbmMiOiJBMTI4Q0JDLUhTMjU2Iiwia2lkIjoiUWVzOVR5eTV5WiIsInZlcnNpb24iOiIxMC4yLjIuMCJ9..9We77t506MovOeejSt2xAA.UW_R-gQY4WzdKjThAuK61w.wx8yZKZCYxASRX4l3zwXpg</ldap:credentials>
        <ldap:authenticationMeth>simple</ldap:authenticationMeth>
        <ldap:description>PingDirectory</ldap:description>
        <ldap:name>PingDirectory</ldap:name>
        <ldap:binaryAttributes/>
        <ldap:ldapHostTagList>
            <ldap:tagEntry host="4.server.ping-eng.com:1389" tags=""/>
        </ldap:ldapHostTagList>
    </ldap:ldap-source>
</ldap:ldap-sources>